key,constraint,kwarg,index,en,uz,prompt_uz
127,keywords:forbidden_words,forbidden_words,0.0,sleep,,Quyidagi matnni boshlaʻich nuqta sifatida ol va uni toʻliq maqola qil: “Siz ota-ona rejasini ishlab chiqish uchun yordamchi bilan uchrashishingiz kerak. Birinchisi har kuni tarbiyaga qancha vaqt ajratishingizni baholash va bu yetarli yoki yoʻqligini aniqlashdir....” Quyidagi kalit soʻzlarni ishlatis
127,keywords:forbidden_words,forbidden_words,0.1,cook,,Quyidagi matnni boshlaʻich nuqta sifatida ol va uni toʻliq maqola qil: “Siz ota-ona rejasini ishlab chiqish uchun yordamchi bilan uchrashishingiz kerak. Birinchisi har kuni tarbiyaga qancha vaqt ajratishingizni baholash va bu yetarli yoki yoʻqligini aniqlashdir....” Quyidagi kalit soʻzlarni ishlatis
127,keywords:forbidden_words,forbidden_words,0.2,feed,,Quyidagi matnni boshlaʻich nuqta sifatida ol va uni toʻliq maqola qil: “Siz ota-ona rejasini ishlab chiqish uchun yordamchi bilan uchrashishingiz kerak. Birinchisi har kuni tarbiyaga qancha vaqt ajratishingizni baholash va bu yetarli yoki yoʻqligini aniqlashdir....” Quyidagi kalit soʻzlarni ishlatis
127,keywords:frequency,keyword,1.0,schedule,,Quyidagi matnni boshlaʻich nuqta sifatida ol va uni toʻliq maqola qil: “Siz ota-ona rejasini ishlab chiqish uchun yordamchi bilan uchrashishingiz kerak. Birinchisi har kuni tarbiyaga qancha vaqt ajratishingizni baholash va bu yetarli yoki yoʻqligini aniqlashdir....” Quyidagi kalit soʻzlarni ishlatis
286,startend:end_checker,end_phrase,0.0,That is all you need!,,"Kemaning qobigʻi boʻronda jiddiy shikastlangan. Kemada kraterlar bor va tashqi qobigʻining bir qismi koʻchib ketgan. Qobiqni qanday taʻmirlashim mumkin? Iltimos, butun javobingda 10 gapdan kam boʻlsin va javobni quyidagi ibora bilan yakunla: Bu senga kerak boʻlgan hamma narsa!"
296,keywords:frequency,keyword,0.0,hughes,,krugerga barcha kichik harflar bilan va katta harflarsiz batafsil maqtov yoz. hughes soʻzi 2 martadan kamroq paydo boʻlishi kerak. javobing kamida 100 soʻz boʻlishi kerak.
371,keywords:forbidden_words,forbidden_words,1.0,key,,"""kalit"" soʻzini tasvirlaydigan, lekin ""kalit"" soʻzini ishlatmaydigan topishmoq yoz. Barcha soʻzlarni bitta JSON blokiga joyla. ""kalit"" soʻzi butun javobingda paydo boʻlmasligi kerak."
374,keywords:forbidden_words,forbidden_words,1.0,youngins,,"Quyidagi gapni rasmiyroq shaklda qayta yoz: ""Bu yoshlar doimo oʻsha laʻnati telefonda"". Qoʻshma Shtatlar prezidenti ekaningni tasavvur qil. Butun javobingda ""yoshlar"" va ""laʻnati"" soʻzlarini ishlatishdan saqlan. Iltimos, yuqoridagi birinchi qatorning toʻliq matnini takrorla, keyin qayta yozuvingni b"
374,keywords:forbidden_words,forbidden_words,1.1,damn,,"Quyidagi gapni rasmiyroq shaklda qayta yoz: ""Bu yoshlar doimo oʻsha laʻnati telefonda"". Qoʻshma Shtatlar prezidenti ekaningni tasavvur qil. Butun javobingda ""yoshlar"" va ""laʻnati"" soʻzlarini ishlatishdan saqlan. Iltimos, yuqoridagi birinchi qatorning toʻliq matnini takrorla, keyin qayta yozuvingni b"
1147,keywords:forbidden_words,forbidden_words,0.0,field,,"Quyidagi bayonotni yanada rasmiy tarzda, Amerika Qoʻshma Shtatlari Prezidenti singari, qayta yoz: ""Salom hammaga. SSO bilan bogʻliq muammo uchun tuzatish qoʻshish ishi bajarildi. Biz hamkorlarimiz bilan yaqindan ishlamoqdamiz. Buni hal qilamiz. Hammaga rahmat."" Quyidagi kalit soʻzlarni kiritma: mayd"
1147,keywords:forbidden_words,forbidden_words,0.1,thanks,,"Quyidagi bayonotni yanada rasmiy tarzda, Amerika Qoʻshma Shtatlari Prezidenti singari, qayta yoz: ""Salom hammaga. SSO bilan bogʻliq muammo uchun tuzatish qoʻshish ishi bajarildi. Biz hamkorlarimiz bilan yaqindan ishlamoqdamiz. Buni hal qilamiz. Hammaga rahmat."" Quyidagi kalit soʻzlarni kiritma: mayd"
1147,keywords:forbidden_words,forbidden_words,0.2,issue,,"Quyidagi bayonotni yanada rasmiy tarzda, Amerika Qoʻshma Shtatlari Prezidenti singari, qayta yoz: ""Salom hammaga. SSO bilan bogʻliq muammo uchun tuzatish qoʻshish ishi bajarildi. Biz hamkorlarimiz bilan yaqindan ishlamoqdamiz. Buni hal qilamiz. Hammaga rahmat."" Quyidagi kalit soʻzlarni kiritma: mayd"
1147,keywords:forbidden_words,forbidden_words,0.3,collaborator,,"Quyidagi bayonotni yanada rasmiy tarzda, Amerika Qoʻshma Shtatlari Prezidenti singari, qayta yoz: ""Salom hammaga. SSO bilan bogʻliq muammo uchun tuzatish qoʻshish ishi bajarildi. Biz hamkorlarimiz bilan yaqindan ishlamoqdamiz. Buni hal qilamiz. Hammaga rahmat."" Quyidagi kalit soʻzlarni kiritma: mayd"
1153,keywords:frequency,keyword,1.0,story,,"islom tarixi talabalari uchun haj safariga oid ijtimoiy media posti yoz. barcha harflar kichik boʻlishi kerak va ""hikoya"" soʻzini kamida ikki marta ""hikoya"" qoʻshing."
1203,keywords:frequency,keyword,0.0,war,,"Xitoyning Tang sulolasining hokimiyati davrida nimalar sodir boʻldi? “war” soʻzini kamida 8 marta, “peace” soʻzini kamida 10 marta ishlatishga ishonch hosil qil."
1203,keywords:frequency,keyword,1.0,peace,,"Xitoyning Tang sulolasining hokimiyati davrida nimalar sodir boʻldi? “war” soʻzini kamida 8 marta, “peace” soʻzini kamida 10 marta ishlatishga ishonch hosil qil."
1219,keywords:frequency,keyword,2.0,sneaker,,"Kaysi sneakers uchun yaxshiroq brenddir: Prada yoki Nike? Javobingning barcha qismi ingliz tilida boʻlishi, va barcha harflar katta boʻlishi kerak. Javobing oxirida, iltimos, P.S. bilan boshlanadigan postskriptni aniq qoʻshing. “Sneaker” soʻzi javobingda 10 yoki undan koʻp marta paydo boʻlishi kerak"
1233,keywords:frequency,keyword,1.0,skyscraper,,"2000 yilda dunyodagi eng baland osmonoʻpar bino yerdan necha fut baland edi? Javobingda faqat asosiy nuqtalarni kirit. Javobingni ""Yana yordam bera oladigan narsa bormi?"" iborasi bilan tugat, “bilan” soʻzidan keyin boshqa soʻzlar boʻlmasin. ""skyscraper"" soʻzini kamida 8 marta ishlat."
1237,keywords:existence,keywords,1.0,Argentinian,,"""Buena Onda"" deb nomlangan, Argentina taomlarini taqdim etadigan restoran haqida oʻsmirlar uchun kulgili maqola yoz. Javobingda kamida uchta boʻlimni markdown yordamida ajratib koʻrsat, masalan *ajratilgan boʻlim*. Maqolada ""Argentinalik"" soʻzini tilga ol."
1265,keywords:existence,keywords,0.0,waste,,"Aluminium qutilar ovqat saqlashda qanday ishlatilishini tavsiflovchi bir insho yoz. ""chiqindi"", ""material"" va ""taom"" kalit soʻzlarini kiritishni unutma. Javobingda 30 dan ortiq gap boʻlishi kerak."
1265,keywords:existence,keywords,0.1,material,,"Aluminium qutilar ovqat saqlashda qanday ishlatilishini tavsiflovchi bir insho yoz. ""chiqindi"", ""material"" va ""taom"" kalit soʻzlarini kiritishni unutma. Javobingda 30 dan ortiq gap boʻlishi kerak."
1265,keywords:existence,keywords,0.2,meal,,"Aluminium qutilar ovqat saqlashda qanday ishlatilishini tavsiflovchi bir insho yoz. ""chiqindi"", ""material"" va ""taom"" kalit soʻzlarini kiritishni unutma. Javobingda 30 dan ortiq gap boʻlishi kerak."
1348,keywords:existence,keywords,2.0,brilliant,,"""Brilliant Le Hou"" nomli shaxs haqida qisqa tarjimai hol yoz. Javobingda vergul ishlatma. Kamida 3 boʻlimni markdown bilan ajratib koʻrsat, yaʻni *ajratilgan boʻlim*. Tarjimai hol shaxs ismi bilan boshlanishi kerak."
1348,keywords:existence,keywords,2.1,le,,"""Brilliant Le Hou"" nomli shaxs haqida qisqa tarjimai hol yoz. Javobingda vergul ishlatma. Kamida 3 boʻlimni markdown bilan ajratib koʻrsat, yaʻni *ajratilgan boʻlim*. Tarjimai hol shaxs ismi bilan boshlanishi kerak."
1348,keywords:existence,keywords,2.2,hou,,"""Brilliant Le Hou"" nomli shaxs haqida qisqa tarjimai hol yoz. Javobingda vergul ishlatma. Kamida 3 boʻlimni markdown bilan ajratib koʻrsat, yaʻni *ajratilgan boʻlim*. Tarjimai hol shaxs ismi bilan boshlanishi kerak."
1379,keywords:frequency,keyword,1.0,sarah,,"Sarah nomli ayol haqida, har doim 90°F boʻladigan shahrida yashovchi, bir limerik yoz. Javobingda kamida 6 boʻlimni markdown bilan taʻkidla, misol: *ajratilgan boʻlim*. Sarah nomini faqat bir marta koʻrsat."
1379,keywords:existence,keywords,2.0,sarah,,"Sarah nomli ayol haqida, har doim 90°F boʻladigan shahrida yashovchi, bir limerik yoz. Javobingda kamida 6 boʻlimni markdown bilan taʻkidla, misol: *ajratilgan boʻlim*. Sarah nomini faqat bir marta koʻrsat."
1393,keywords:frequency,keyword,0.0,synonyms,,Bir xil narsa uchun ikki xil nom ishlatishning ijobiy va salbiy tomonlarini roʻyxatla. Synonyms soʻzi kamida 3 marta paydo boʻlishiga ishonch hosil qil.
1402,keywords:forbidden_words,forbidden_words,1.0,dupage,,"Men ochiq roʻyxatga olish va mintaqaviy akkreditatsiyaga ega boʻlgan kollejga qiziqaman. Qaysi kollejni tavsiya qilarding? Javobingda ""DuPage"" va ""Dade"" kalit soʻzlarini kiritma. Kiritilgan yozuv muammosi yarataylik: javobingda harf p kamida 15 marta paydo boʻlishiga ishonch hosil qil."
1402,keywords:forbidden_words,forbidden_words,1.1,dade,,"Men ochiq roʻyxatga olish va mintaqaviy akkreditatsiyaga ega boʻlgan kollejga qiziqaman. Qaysi kollejni tavsiya qilarding? Javobingda ""DuPage"" va ""Dade"" kalit soʻzlarini kiritma. Kiritilgan yozuv muammosi yarataylik: javobingda harf p kamida 15 marta paydo boʻlishiga ishonch hosil qil."
1466,keywords:forbidden_words,forbidden_words,1.0,taylor,,"ʻWe Biz Hech Qachon Qaytmaymizʻ qoʻshigʻini tanqid qiladigan qoʻshiq yoz. Barcha javobingni ikki qoʻshtirnoq ichiga joylashtiring. Taylor, Swift yoki Together soʻzlarini tilga olmang."
1466,keywords:forbidden_words,forbidden_words,1.1,swift,,"ʻWe Biz Hech Qachon Qaytmaymizʻ qoʻshigʻini tanqid qiladigan qoʻshiq yoz. Barcha javobingni ikki qoʻshtirnoq ichiga joylashtiring. Taylor, Swift yoki Together soʻzlarini tilga olmang."
1466,keywords:forbidden_words,forbidden_words,1.2,together,,"ʻWe Biz Hech Qachon Qaytmaymizʻ qoʻshigʻini tanqid qiladigan qoʻshiq yoz. Barcha javobingni ikki qoʻshtirnoq ichiga joylashtiring. Taylor, Swift yoki Together soʻzlarini tilga olmang."
1476,keywords:forbidden_words,forbidden_words,0.0,name,,"Sen ""Azureʻdagi Cognitive Services Azure Applied AI Services deb qayta nomlanadi"" jumlasini jalb qiluvchi uslubda qayta yozishing mumkinmi, ""qayta nomlash"" yoki ""ism"" soʻzlarini ishlatmasdan? 3 gapdan kam boʻlsin (faqat 1 yoki 2 gap, 3 emas)."
1476,keywords:forbidden_words,forbidden_words,0.1,rename,,"Sen ""Azureʻdagi Cognitive Services Azure Applied AI Services deb qayta nomlanadi"" jumlasini jalb qiluvchi uslubda qayta yozishing mumkinmi, ""qayta nomlash"" yoki ""ism"" soʻzlarini ishlatmasdan? 3 gapdan kam boʻlsin (faqat 1 yoki 2 gap, 3 emas)."
1498,keywords:frequency,keyword,0.0,associations,,"Pomidorlar va aka-ukalar haqida qoʻshiq yoz. Bu kulgili va oʻsmirlar uchun mos boʻlishi kerak. ""assotsiatsiyalar"" soʻzi qoʻshiqda kamida 4 marta paydo boʻlishi kerak."
1531,keywords:existence,keywords,0.0,atlantis,,Nogironligi boʻlgan odamlar hayot sifatini qanday yaxshilash mumkinligi boʻyicha yangi tadqiqot loyihasi uchun taklif tayyorla. Javobing HTML sifatida koʻrsatilishi mumkin boʻlishi kerak va ʻatlantisʻ hamda ʻconstableʻ kalit soʻzlarini oʻz ichiga olishi kerak.
1531,keywords:existence,keywords,0.1,constable,,Nogironligi boʻlgan odamlar hayot sifatini qanday yaxshilash mumkinligi boʻyicha yangi tadqiqot loyihasi uchun taklif tayyorla. Javobing HTML sifatida koʻrsatilishi mumkin boʻlishi kerak va ʻatlantisʻ hamda ʻconstableʻ kalit soʻzlarini oʻz ichiga olishi kerak.
1580,keywords:forbidden_words,forbidden_words,0.0,can,,Bolalar uchun bir odam velosiped haydashni qanday oʻrganishini haqida hikoya yoz. Javobingda ʻcanʻ va ʻrideʻ soʻzlarini ishlatma.
1580,keywords:forbidden_words,forbidden_words,0.1,ride,,Bolalar uchun bir odam velosiped haydashni qanday oʻrganishini haqida hikoya yoz. Javobingda ʻcanʻ va ʻrideʻ soʻzlarini ishlatma.
1629,keywords:forbidden_words,forbidden_words,0.0,station,,"""Avtobus bekatga yetib keldi"" jumlasini yanada qiziqarli qil. ""bekat"" soʻzini ishlatishdan saqlan."
1658,keywords:existence,keywords,1.0,python,,"""20 yoshli kollej talabasiga, ish tajribasan, rezume yarat. \""Python\"" va \""Java\"" kalit soʻzlarni qoʻsh va javobni ikki qoʻshtirnoq ichida qamrab ol."""
1658,keywords:existence,keywords,1.1,java,,"""20 yoshli kollej talabasiga, ish tajribasan, rezume yarat. \""Python\"" va \""Java\"" kalit soʻzlarni qoʻsh va javobni ikki qoʻshtirnoq ichida qamrab ol."""
1659,startend:end_checker,end_phrase,0.0,You cannot fail with the steps listed above.,,"Men 12-sinf oʻquvchisiman va kollej arizalarimda yordamga muhtojman, menga baʻzi maslahatlar bera olasanmi? Javobingning juda oxiri ""Yuqorida sanab oʻtilgan qadamlar bilan muvaffaqiyatsizlikka uchrash mumkin emas."" deb yozilishi kerak. Bu iboradan keyin boshqa soʻzlar kelmasligi kerak."
1675,keywords:forbidden_words,forbidden_words,0.0,heute,,"""今天天气很好"" jumlasini nemis tiliga tarjima qila olasanmi? ""heute"" soʻzini ishlatma. Iltimos, boshqa soʻz ishlat."
1691,keywords:forbidden_words,forbidden_words,1.0,moser,,"Soʻrov: 1. Chexiya Respublikasining Bogemiyasida tashrif buyurish uchun eng yaxshi joylar qaysilar? 2. Tavsiya etilgan mehmonxonalar roʻyxatini qoʻsh. 3. BUTUN chiqishni JSON formatida oʻrab qoʻy. 4. Quyidagi kalit soʻzlarni kiritma: Moser, Glassworks, Pravcice, Karlovy, Vary"
1691,keywords:forbidden_words,forbidden_words,1.1,glassworks,,"Soʻrov: 1. Chexiya Respublikasining Bogemiyasida tashrif buyurish uchun eng yaxshi joylar qaysilar? 2. Tavsiya etilgan mehmonxonalar roʻyxatini qoʻsh. 3. BUTUN chiqishni JSON formatida oʻrab qoʻy. 4. Quyidagi kalit soʻzlarni kiritma: Moser, Glassworks, Pravcice, Karlovy, Vary"
1691,keywords:forbidden_words,forbidden_words,1.2,pravcice,,"Soʻrov: 1. Chexiya Respublikasining Bogemiyasida tashrif buyurish uchun eng yaxshi joylar qaysilar? 2. Tavsiya etilgan mehmonxonalar roʻyxatini qoʻsh. 3. BUTUN chiqishni JSON formatida oʻrab qoʻy. 4. Quyidagi kalit soʻzlarni kiritma: Moser, Glassworks, Pravcice, Karlovy, Vary"
1691,keywords:forbidden_words,forbidden_words,1.3,karlovy,,"Soʻrov: 1. Chexiya Respublikasining Bogemiyasida tashrif buyurish uchun eng yaxshi joylar qaysilar? 2. Tavsiya etilgan mehmonxonalar roʻyxatini qoʻsh. 3. BUTUN chiqishni JSON formatida oʻrab qoʻy. 4. Quyidagi kalit soʻzlarni kiritma: Moser, Glassworks, Pravcice, Karlovy, Vary"
1691,keywords:forbidden_words,forbidden_words,1.4,vary,,"Soʻrov: 1. Chexiya Respublikasining Bogemiyasida tashrif buyurish uchun eng yaxshi joylar qaysilar? 2. Tavsiya etilgan mehmonxonalar roʻyxatini qoʻsh. 3. BUTUN chiqishni JSON formatida oʻrab qoʻy. 4. Quyidagi kalit soʻzlarni kiritma: Moser, Glassworks, Pravcice, Karlovy, Vary"
1705,startend:end_checker,end_phrase,1.0,Hope you agree with me.,,Xoʻjayiningdan maosh oshirishni soʻrash uchun yuborish mumkin boʻlgan mutaxassisona elektron pochta yoz. Javobing oxirida P.P.S bilan boshlanuvchi postskriptni aniq qoʻsh. Butun javobingni quyidagi aniq ibora bilan yakunla: Siz men bilan rozi boʻlishingizni umid qilaman.
1713,keywords:frequency,keyword,0.0,disappointed,,"Banan poʻstining biologiyasi haqida qiziqarli va kulgili maqola yoz. Javobingda ""disappointed"" soʻzi kamida 2 marta paydo boʻlishi kerak va kamida olti boʻlim markdown bilan ajratilishi kerak, yaʻni *banana peel*."
1730,detectable_format:multiple_sections,section_spliter,1.0,Section,,"""Bir sababga eʻtibor qaratish haqida maqola yoz. Javobingning butun matni ikki qoʻshtirnoq ichida boʻlishiga ishonch hosil qil va beshta boʻlimga ega boʻling. Har bir boʻlimning boshini ʻBoʻlim Xʻ bilan belgila."""
1779,keywords:existence,keywords,1.0,disgusting,,"LIMADA MAHALLIY MAHSULOTLARNI SOTIB OLISH UCHUN DOʻKON SAFARI UCHUN YOʻL XARITASINI YOZING. YOʻL XARITASINI KULGILI QILING, BARCHA HARFLARINI KATTA HARFLARDA YOZING VA ʻDISGUSTINGʻ, ʻDELICIOUSʻ, ʻBADʻ, ʻGOODʻ KALIT SOʻZLARINI QOʻSHING."
1779,keywords:existence,keywords,1.1,delicious,,"LIMADA MAHALLIY MAHSULOTLARNI SOTIB OLISH UCHUN DOʻKON SAFARI UCHUN YOʻL XARITASINI YOZING. YOʻL XARITASINI KULGILI QILING, BARCHA HARFLARINI KATTA HARFLARDA YOZING VA ʻDISGUSTINGʻ, ʻDELICIOUSʻ, ʻBADʻ, ʻGOODʻ KALIT SOʻZLARINI QOʻSHING."
1779,keywords:existence,keywords,1.2,bad,,"LIMADA MAHALLIY MAHSULOTLARNI SOTIB OLISH UCHUN DOʻKON SAFARI UCHUN YOʻL XARITASINI YOZING. YOʻL XARITASINI KULGILI QILING, BARCHA HARFLARINI KATTA HARFLARDA YOZING VA ʻDISGUSTINGʻ, ʻDELICIOUSʻ, ʻBADʻ, ʻGOODʻ KALIT SOʻZLARINI QOʻSHING."
1779,keywords:existence,keywords,1.3,good,,"LIMADA MAHALLIY MAHSULOTLARNI SOTIB OLISH UCHUN DOʻKON SAFARI UCHUN YOʻL XARITASINI YOZING. YOʻL XARITASINI KULGILI QILING, BARCHA HARFLARINI KATTA HARFLARDA YOZING VA ʻDISGUSTINGʻ, ʻDELICIOUSʻ, ʻBADʻ, ʻGOODʻ KALIT SOʻZLARINI QOʻSHING."
1928,keywords:frequency,keyword,2.0,flesh,,"Quyidagi jumlani rasmiy hikoyaga kengaytir: ""Mening itim jigarrang va mushugim qora."" Javobingda ikki burchak qavs ichida sarlavha boʻlishi kerak, yaʻni <<sarlavha>>, va hech qanday vergul boʻlmasligi kerak. Javobingda ""goʻsht"" soʻzi 3 martadan kam paydo boʻlishi kerak."
1936,keywords:forbidden_words,forbidden_words,0.0,bad,,"Xizmat koʻrsatuvchi mijozlarga xizmat koʻrsatish vakolatini baholash uchun rubrikani, nuqta roʻyxati shaklida yoz. Javobingda [ʻyomonʻ, ʻkam ishlashʻ] kalit soʻzlarini oʻz ichiga olmaydi va quyidagi shaklda aniq 6 nuqta roʻyxati boʻlishi kerak: * Nuqtali belgi 1 * Nuqtali belgi 2 * Nuqtali belgi 3 *"
1936,keywords:forbidden_words,forbidden_words,0.1,underperform,,"Xizmat koʻrsatuvchi mijozlarga xizmat koʻrsatish vakolatini baholash uchun rubrikani, nuqta roʻyxati shaklida yoz. Javobingda [ʻyomonʻ, ʻkam ishlashʻ] kalit soʻzlarini oʻz ichiga olmaydi va quyidagi shaklda aniq 6 nuqta roʻyxati boʻlishi kerak: * Nuqtali belgi 1 * Nuqtali belgi 2 * Nuqtali belgi 3 *"
2028,keywords:forbidden_words,forbidden_words,0.0,yes,,Arktikadagi ob-havo sharoitlari yilning koʻp qismida juda sovuqmi? Butun javobingda ʻyesʻ yoki ʻnoʻ soʻzlarini aytma.
2028,keywords:forbidden_words,forbidden_words,0.1,no,,Arktikadagi ob-havo sharoitlari yilning koʻp qismida juda sovuqmi? Butun javobingda ʻyesʻ yoki ʻnoʻ soʻzlarini aytma.
2041,keywords:forbidden_words,forbidden_words,1.0,rich,,"Doʻstim"" Jake ga juda uzun elektron pochta yoz, hamma narsa qanday ketayotganini soʻrab. ""Men hozir boyman"" deb ayting, lekin boyman deb aytmasdan. Javobing kamida 40 gapdan iborat boʻlishi kerak va ""boy"" va ""pul"" soʻzlarini oʻz ichiga olmaydi."
2041,keywords:forbidden_words,forbidden_words,1.1,money,,"Doʻstim"" Jake ga juda uzun elektron pochta yoz, hamma narsa qanday ketayotganini soʻrab. ""Men hozir boyman"" deb ayting, lekin boyman deb aytmasdan. Javobing kamida 40 gapdan iborat boʻlishi kerak va ""boy"" va ""pul"" soʻzlarini oʻz ichiga olmaydi."
2084,keywords:frequency,keyword,0.0,dose,,"100 gramm sof kafein ichib olgan boʻlsang, oʻlgansizmi? Iltimos, bu javobni talabalarga tushuntirayotgandek ber. Iltimos, javobingda ""oʻlish"" soʻzidan foydalanmang, lekin ""doza"" soʻzini kamida 5 marta eslatib oʻting."
2084,keywords:forbidden_words,forbidden_words,1.0,die,,"100 gramm sof kafein ichib olgan boʻlsang, oʻlgansizmi? Iltimos, bu javobni talabalarga tushuntirayotgandek ber. Iltimos, javobingda ""oʻlish"" soʻzidan foydalanmang, lekin ""doza"" soʻzini kamida 5 marta eslatib oʻting."
2142,keywords:frequency,keyword,0.0,predatory,,"Yangi universitet kursi uchun “Dunyoning Tarixi, Itlar Tarafidan Aytilgan” mavzusida taklifnomani yoz. Taklifnomada “yirtqich” soʻzi kamida ikki marta, yaʻni “yirtqich” soʻzi, paydo boʻlishiga ishonch hosil qil."
2143,keywords:forbidden_words,forbidden_words,0.0,reschedule,,"""Bugun uchrashuvga kela olmasligim uchun kechirim soʻrayman. Bu qiyinchilik tugʻdirgani uchun uzr soʻrayman."" Iltimos, buni kamida 5 gapga kengaytir. ""qayta rejalashtirish"" yoki ""bepul"" soʻzlarini ishlatma."
2143,keywords:forbidden_words,forbidden_words,0.1,free,,"""Bugun uchrashuvga kela olmasligim uchun kechirim soʻrayman. Bu qiyinchilik tugʻdirgani uchun uzr soʻrayman."" Iltimos, buni kamida 5 gapga kengaytir. ""qayta rejalashtirish"" yoki ""bepul"" soʻzlarini ishlatma."
2169,keywords:existence,keywords,1.0,talented,,"2022 yilgi qishki Olimpiya oʻyinlari nima uchun eng yaxshi reytinglarga erishmadi? Javobingda y harfi kamida 5 marta boʻlishiga ishonch hosil qil va ""isteʻdodli"" hamda ""tyanjin"" kalit soʻzlarini qoʻsh."
2169,keywords:existence,keywords,1.1,tianjin,,"2022 yilgi qishki Olimpiya oʻyinlari nima uchun eng yaxshi reytinglarga erishmadi? Javobingda y harfi kamida 5 marta boʻlishiga ishonch hosil qil va ""isteʻdodli"" hamda ""tyanjin"" kalit soʻzlarini qoʻsh."
2246,keywords:frequency,keyword,1.0,climatic,,"Subic Bay Freeport Zone ga sayohat qilishni xohlayman, qaysi tumanlarda qolishim kerak? Menga gʻazabli tavsiya ber. Kamida 400 soʻzdan iborat javob ber. Javobingda “iqlimiy” soʻzi kamida 2 marta paydo boʻlishi kerak. Javobda kvadrat qavs ichida koʻrsatilgan kamida 3 ta toʻldiruvchi boʻlishi kerak, m"
2275,keywords:frequency,keyword,2.0,batted,,Odamlarga eng yaxshi yashash joylarini topishda yordam beradigan yangi startap uchun 500 soʻzlik taqdimot matni yarat. Auditoriya talabalar boʻlishi kerak va taqdimot maʻruza uslubida yozilishi kerak. Barcha katta harflar bilan yozilgan soʻzlar javobda kamida 16 marta paydo boʻlishi kerak va vergul 
2328,keywords:forbidden_words,forbidden_words,0.0,startup,,Vaqt capsule xizmati uchun startap taqdimotini yoz. startap va capsule soʻzlari javobda boʻlmasligi kerak.
2328,keywords:forbidden_words,forbidden_words,0.1,capsule,,Vaqt capsule xizmati uchun startap taqdimotini yoz. startap va capsule soʻzlari javobda boʻlmasligi kerak.
2386,keywords:frequency,keyword,1.0,humming,,"Quyidagi jumlalarni kengaytira olasanmi: ""Men dasturiy taʻminotning mahalliylashtirilgan versiyasini hech qachon koʻrmaganman. Men xalqaro versiyasini koʻrganman."" Aniq 3 paragraf boʻlishini, har birini uchta yulduz (***) bilan ajratilishini va ""xirgoyi"" soʻzining kamida bir marta ishlatilishini xoh"
2392,keywords:frequency,keyword,0.0,founding,,"Moscowga 3 kunlik safar uchun reja tuz, “founding” soʻzini ikki martadan kam ishlat. JSON kodidan oldin va keyin hech narsa qoʻshmang. Butunlay chiqishing faqat JSON kod blokidan iborat boʻlishi kerak."
2395,keywords:forbidden_words,forbidden_words,1.0,flea,,Bit bozori haqida Facebook postini JSON formatida yoz. Javobda ʻfleaʻ va ʻJSONʻ kalit soʻzlarini kiritma.
2395,keywords:forbidden_words,forbidden_words,1.1,json,,Bit bozori haqida Facebook postini JSON formatida yoz. Javobda ʻfleaʻ va ʻJSONʻ kalit soʻzlarini kiritma.
2398,startend:end_checker,end_phrase,0.0,"your love, and thanks.",,Menga Kaliforniya haqida sheʻr ber. Butun javobingning oxiri aynan quyidagicha boʻlishi kerak: sevging va minnatdorchilik bilan.
2439,length_constraints:nth_paragraph_first_word,first_word,1.0,punched,,"Quyidagi jumlani aniq 3 paragrafga, ikki yangi qator bilan ajratib, vergul ishlatmasdan qayta yoz: ""Jinoyatlar politsiya tomonidan ushlanadigan yagona narsalar emas."" 1-paragraf-paragraf ""musht tushirdi"" soʻzi bilan boshlanishi kerak. Javobda kamida 2 ta kvadrat qavs ichidagi oʻrinbosar, masalan [ma"
2471,keywords:forbidden_words,forbidden_words,0.0,sad,,"Qoʻshma Shtatlarning Prezidentining bosim ostida boʻlishi haqida kollej akademik maqola yoz. Javobda ʻsadʻ, ʻcrazyʻ, ʻstressʻ kabi salbiy soʻzlarni kiritmasligiga ishonch hosil qil. Shuningdek, [manzil] kabi kvadrat qavs ichida koʻrsatilgan kamida 15 ta oʻrnashuvchani qoʻshish kerak: [ism], [sana], "
2471,keywords:forbidden_words,forbidden_words,0.1,crazy,,"Qoʻshma Shtatlarning Prezidentining bosim ostida boʻlishi haqida kollej akademik maqola yoz. Javobda ʻsadʻ, ʻcrazyʻ, ʻstressʻ kabi salbiy soʻzlarni kiritmasligiga ishonch hosil qil. Shuningdek, [manzil] kabi kvadrat qavs ichida koʻrsatilgan kamida 15 ta oʻrnashuvchani qoʻshish kerak: [ism], [sana], "
2471,keywords:forbidden_words,forbidden_words,0.2,stress,,"Qoʻshma Shtatlarning Prezidentining bosim ostida boʻlishi haqida kollej akademik maqola yoz. Javobda ʻsadʻ, ʻcrazyʻ, ʻstressʻ kabi salbiy soʻzlarni kiritmasligiga ishonch hosil qil. Shuningdek, [manzil] kabi kvadrat qavs ichida koʻrsatilgan kamida 15 ta oʻrnashuvchani qoʻshish kerak: [ism], [sana], "
2549,length_constraints:nth_paragraph_first_word,first_word,0.0,bonding,,"1987-88 mavsumida qaysi jamoa yaxshiroq edi: Tottenham Hotspurmi yoki Stocktonmi? Javobing aniq 3 paragraf boʻlishi kerak, paragraflar faqat ikki yangi qator bilan ajratilishi kerak, pythonʻda ʻ\n\nʻ kabi. Uchinchi paragraf ""bogʻlanish"" soʻzi bilan boshlanishi kerak. Javobda ""gao"" va ""yuraklar"" kali"
2549,keywords:existence,keywords,1.0,gao,,"1987-88 mavsumida qaysi jamoa yaxshiroq edi: Tottenham Hotspurmi yoki Stocktonmi? Javobing aniq 3 paragraf boʻlishi kerak, paragraflar faqat ikki yangi qator bilan ajratilishi kerak, pythonʻda ʻ\n\nʻ kabi. Uchinchi paragraf ""bogʻlanish"" soʻzi bilan boshlanishi kerak. Javobda ""gao"" va ""yuraklar"" kali"
2549,keywords:existence,keywords,1.1,hearts,,"1987-88 mavsumida qaysi jamoa yaxshiroq edi: Tottenham Hotspurmi yoki Stocktonmi? Javobing aniq 3 paragraf boʻlishi kerak, paragraflar faqat ikki yangi qator bilan ajratilishi kerak, pythonʻda ʻ\n\nʻ kabi. Uchinchi paragraf ""bogʻlanish"" soʻzi bilan boshlanishi kerak. Javobda ""gao"" va ""yuraklar"" kali"
2577,keywords:forbidden_words,forbidden_words,1.0,BC,,"Yevropadagi tarixdan oldingi megalitlar qanday koʻrinadi? Iltimos, aniq ikki xil javob ber, ularni 6 ta yulduz belgisi bilan ajrat: ******. Iltimos, javobda ʻBCʻ, ʻcultureʻ va ʻprehistoricʻ kalit soʻzlarini kiritma."
2577,keywords:forbidden_words,forbidden_words,1.1,culture,,"Yevropadagi tarixdan oldingi megalitlar qanday koʻrinadi? Iltimos, aniq ikki xil javob ber, ularni 6 ta yulduz belgisi bilan ajrat: ******. Iltimos, javobda ʻBCʻ, ʻcultureʻ va ʻprehistoricʻ kalit soʻzlarini kiritma."
2577,keywords:forbidden_words,forbidden_words,1.2,prehistoric,,"Yevropadagi tarixdan oldingi megalitlar qanday koʻrinadi? Iltimos, aniq ikki xil javob ber, ularni 6 ta yulduz belgisi bilan ajrat: ******. Iltimos, javobda ʻBCʻ, ʻcultureʻ va ʻprehistoricʻ kalit soʻzlarini kiritma."
2583,keywords:frequency,keyword,0.0,comprised,,16 yoshli bola oʻrtacha IQsi qancha? Javobingda ʻcomprisedʻ soʻzi kamida 1 marta paydo boʻlishi kerak va vergulardan foydalanmaslik kerak.
2591,keywords:existence,keywords,1.0,medalist,,Men sendan DnD dungeon master kabi harakat qilishingni istayman. Men yagona oʻyinchi boʻlaman. Menga tasodifiy sinf belgilar varaqasini yarat. Barcha natijani JSON formatida markdown belgilari ichida oʻrab chiqing. Javobda ʻmedalistʻ va ʻthetaʻ kalit soʻzlarini qoʻsh.
2591,keywords:existence,keywords,1.1,theta,,Men sendan DnD dungeon master kabi harakat qilishingni istayman. Men yagona oʻyinchi boʻlaman. Menga tasodifiy sinf belgilar varaqasini yarat. Barcha natijani JSON formatida markdown belgilari ichida oʻrab chiqing. Javobda ʻmedalistʻ va ʻthetaʻ kalit soʻzlarini qoʻsh.
2602,keywords:existence,keywords,0.0,zelda,,"Zelda muxlisi Rodney haqida limerik yoz. Quyidagi elementlarni kiritganingga ishonch hosil qil: Zelda, Hyrule, Link, Ganon. 100 soʻzdan kam boʻlishi kerak."
2602,keywords:existence,keywords,0.1,hyrule,,"Zelda muxlisi Rodney haqida limerik yoz. Quyidagi elementlarni kiritganingga ishonch hosil qil: Zelda, Hyrule, Link, Ganon. 100 soʻzdan kam boʻlishi kerak."
2602,keywords:existence,keywords,0.2,link,,"Zelda muxlisi Rodney haqida limerik yoz. Quyidagi elementlarni kiritganingga ishonch hosil qil: Zelda, Hyrule, Link, Ganon. 100 soʻzdan kam boʻlishi kerak."
2602,keywords:existence,keywords,0.3,ganon,,"Zelda muxlisi Rodney haqida limerik yoz. Quyidagi elementlarni kiritganingga ishonch hosil qil: Zelda, Hyrule, Link, Ganon. 100 soʻzdan kam boʻlishi kerak."
2828,keywords:forbidden_words,forbidden_words,0.0,parody,,ʻArs poeticaʻ parodiyasini yoz. Javobingda ʻparodyʻ soʻzini ishlatma.
2871,keywords:frequency,keyword,0.0,fiesta,,"Cherkov kontekstida qisqartirishlar tarixi haqida sheʻr yoz. Suhbatdosh va aniq usulda yoz va ""bayram"" soʻzini kamida ikki marta qoʻsh."
2880,length_constraints:nth_paragraph_first_word,first_word,0.0,booster,,"booster ""oʻzlariga aʻzo boʻlmagan barcha toʻplamlar toʻplami"" va ""barcha toʻplamlar toʻplami"" oʻlari oʻrtasida nima farq bor? Javobingda matematik belgilashlardan foydalaning. Izoh berayotganda suhbatdosh boʻling. Javobingda aniq 2 paragraf boʻlishi, har biri ikki yangi qator bilan ajratilgan boʻlis"
2957,keywords:forbidden_words,forbidden_words,0.0,nursery,,"Qiziqarli usulda limerikni qayta yoz. Ayniqsa, limerik bolalar maktabi va hikoya aytish haqida. Ammo butun javobingda bolalar maktabi va hikoya aytish soʻzlarini zikr etmang."
2957,keywords:forbidden_words,forbidden_words,0.1,storytelling,,"Qiziqarli usulda limerikni qayta yoz. Ayniqsa, limerik bolalar maktabi va hikoya aytish haqida. Ammo butun javobingda bolalar maktabi va hikoya aytish soʻzlarini zikr etmang."
2997,keywords:frequency,keyword,0.0,para,,"Sen atrof‑muhit, ifloslik va iqlim oʻzgarishi bilan bogʻliq mahalliy masala haqida kuchli tuygʻularga egasan. Gazetaning muharririga xat shablonini yoz. “para” soʻzini kamida bir marta ishlat."
3001,startend:end_checker,end_phrase,0.0,Is there anything else I can help with?,,"Iltimos, ishda vaqt oʻtkazishning qisqa va kulgili usullari roʻyxatini taqdim eting. Javobingni aniq quyidagi ibora bilan yakunla: Yana yordam bera oladigan narsa bormi?"
3048,startend:end_checker,end_phrase,0.0,Is there anything else I can help with?,,Yuqori dunyodagi eng baland 20 bino va ularning balandliklari haqida sheʻr yoz. Javobingni aniq savol bilan tugat: Yana yordam bera oladigan narsa bormi?
3081,keywords:forbidden_words,forbidden_words,0.0,story,,"""Bir erkak uyida sirli tarzda vafot etdi, politsiya tergov olib bormoqda"" sarlavhali xayoliy gazetadan hikoyani qayta yarata olasanmi? Iltimos, hikoya tanqidini qoʻsh va AQSh prezidenti uslubidan foydalaning. ""hikoya"", ""qotil"", ""oʻlik"", ""topilgan"", ""qonun"", ""xona"", ""oʻldirish"", ""natija"", ""foydalanis"
3081,keywords:forbidden_words,forbidden_words,0.1,killer,,"""Bir erkak uyida sirli tarzda vafot etdi, politsiya tergov olib bormoqda"" sarlavhali xayoliy gazetadan hikoyani qayta yarata olasanmi? Iltimos, hikoya tanqidini qoʻsh va AQSh prezidenti uslubidan foydalaning. ""hikoya"", ""qotil"", ""oʻlik"", ""topilgan"", ""qonun"", ""xona"", ""oʻldirish"", ""natija"", ""foydalanis"
3081,keywords:forbidden_words,forbidden_words,0.2,dead,,"""Bir erkak uyida sirli tarzda vafot etdi, politsiya tergov olib bormoqda"" sarlavhali xayoliy gazetadan hikoyani qayta yarata olasanmi? Iltimos, hikoya tanqidini qoʻsh va AQSh prezidenti uslubidan foydalaning. ""hikoya"", ""qotil"", ""oʻlik"", ""topilgan"", ""qonun"", ""xona"", ""oʻldirish"", ""natija"", ""foydalanis"
3081,keywords:forbidden_words,forbidden_words,0.3,found,,"""Bir erkak uyida sirli tarzda vafot etdi, politsiya tergov olib bormoqda"" sarlavhali xayoliy gazetadan hikoyani qayta yarata olasanmi? Iltimos, hikoya tanqidini qoʻsh va AQSh prezidenti uslubidan foydalaning. ""hikoya"", ""qotil"", ""oʻlik"", ""topilgan"", ""qonun"", ""xona"", ""oʻldirish"", ""natija"", ""foydalanis"
3081,keywords:forbidden_words,forbidden_words,0.4,law,,"""Bir erkak uyida sirli tarzda vafot etdi, politsiya tergov olib bormoqda"" sarlavhali xayoliy gazetadan hikoyani qayta yarata olasanmi? Iltimos, hikoya tanqidini qoʻsh va AQSh prezidenti uslubidan foydalaning. ""hikoya"", ""qotil"", ""oʻlik"", ""topilgan"", ""qonun"", ""xona"", ""oʻldirish"", ""natija"", ""foydalanis"
3081,keywords:forbidden_words,forbidden_words,0.5,room,,"""Bir erkak uyida sirli tarzda vafot etdi, politsiya tergov olib bormoqda"" sarlavhali xayoliy gazetadan hikoyani qayta yarata olasanmi? Iltimos, hikoya tanqidini qoʻsh va AQSh prezidenti uslubidan foydalaning. ""hikoya"", ""qotil"", ""oʻlik"", ""topilgan"", ""qonun"", ""xona"", ""oʻldirish"", ""natija"", ""foydalanis"
3081,keywords:forbidden_words,forbidden_words,0.6,kill,,"""Bir erkak uyida sirli tarzda vafot etdi, politsiya tergov olib bormoqda"" sarlavhali xayoliy gazetadan hikoyani qayta yarata olasanmi? Iltimos, hikoya tanqidini qoʻsh va AQSh prezidenti uslubidan foydalaning. ""hikoya"", ""qotil"", ""oʻlik"", ""topilgan"", ""qonun"", ""xona"", ""oʻldirish"", ""natija"", ""foydalanis"
3081,keywords:forbidden_words,forbidden_words,0.7,result,,"""Bir erkak uyida sirli tarzda vafot etdi, politsiya tergov olib bormoqda"" sarlavhali xayoliy gazetadan hikoyani qayta yarata olasanmi? Iltimos, hikoya tanqidini qoʻsh va AQSh prezidenti uslubidan foydalaning. ""hikoya"", ""qotil"", ""oʻlik"", ""topilgan"", ""qonun"", ""xona"", ""oʻldirish"", ""natija"", ""foydalanis"
3081,keywords:forbidden_words,forbidden_words,0.8,use,,"""Bir erkak uyida sirli tarzda vafot etdi, politsiya tergov olib bormoqda"" sarlavhali xayoliy gazetadan hikoyani qayta yarata olasanmi? Iltimos, hikoya tanqidini qoʻsh va AQSh prezidenti uslubidan foydalaning. ""hikoya"", ""qotil"", ""oʻlik"", ""topilgan"", ""qonun"", ""xona"", ""oʻldirish"", ""natija"", ""foydalanis"
3081,keywords:forbidden_words,forbidden_words,0.9,approach,,"""Bir erkak uyida sirli tarzda vafot etdi, politsiya tergov olib bormoqda"" sarlavhali xayoliy gazetadan hikoyani qayta yarata olasanmi? Iltimos, hikoya tanqidini qoʻsh va AQSh prezidenti uslubidan foydalaning. ""hikoya"", ""qotil"", ""oʻlik"", ""topilgan"", ""qonun"", ""xona"", ""oʻldirish"", ""natija"", ""foydalanis"
3081,keywords:forbidden_words,forbidden_words,0.10,people,,"""Bir erkak uyida sirli tarzda vafot etdi, politsiya tergov olib bormoqda"" sarlavhali xayoliy gazetadan hikoyani qayta yarata olasanmi? Iltimos, hikoya tanqidini qoʻsh va AQSh prezidenti uslubidan foydalaning. ""hikoya"", ""qotil"", ""oʻlik"", ""topilgan"", ""qonun"", ""xona"", ""oʻldirish"", ""natija"", ""foydalanis"
3081,keywords:forbidden_words,forbidden_words,0.11,president,,"""Bir erkak uyida sirli tarzda vafot etdi, politsiya tergov olib bormoqda"" sarlavhali xayoliy gazetadan hikoyani qayta yarata olasanmi? Iltimos, hikoya tanqidini qoʻsh va AQSh prezidenti uslubidan foydalaning. ""hikoya"", ""qotil"", ""oʻlik"", ""topilgan"", ""qonun"", ""xona"", ""oʻldirish"", ""natija"", ""foydalanis"
3084,startend:end_checker,end_phrase,1.0,in India.,,Gujarat shtati haqida gʻaroyib va qisqa haiku yoz. Barcha javobingda vergul ishlatilmang. Javobingni aniq in India.
3091,keywords:frequency,keyword,0.0,elephant,,"Bitlar haqida savolnomani yoz, unda ""fil"" soʻzi kamida 3 marta boʻlsin."
3109,keywords:frequency,keyword,0.0,cousins,,"Kattalik haqida qisqa hikoya yoz. ""amakivachchalar"" soʻzi 2 martadan koʻproq paydo boʻlishiga ishonch hosil qil."
3114,keywords:forbidden_words,forbidden_words,1.0,bark,,"Sen plyaj va parkga tashrif buyurding. Qaysi biri ichida it boʻlishi ehtimoli koʻproq? Kamida 900 soʻz yoz. Javobingda ʻbarkʻ yoki ʻrunʻ soʻzlarini qoʻshmang. Javobingni ""Bu mantiqiymi?"" iborasi bilan tugat."
3114,keywords:forbidden_words,forbidden_words,1.1,run,,"Sen plyaj va parkga tashrif buyurding. Qaysi biri ichida it boʻlishi ehtimoli koʻproq? Kamida 900 soʻz yoz. Javobingda ʻbarkʻ yoki ʻrunʻ soʻzlarini qoʻshmang. Javobingni ""Bu mantiqiymi?"" iborasi bilan tugat."
3156,keywords:existence,keywords,0.0,trust,,"Men onlayn sotib olgan mahsulot uchun qaytarib olishga harakat qilmoqdaman, lekin kompaniya pulimni qaytarishga rad etmoqda. Menga ularni uchun xat yozishda yordam bera olasanmi? Xatda ishonch, brend, mijoz, qonun, siyosat va yaroqsiz soʻzlari boʻlishini istayman."
3156,keywords:existence,keywords,0.1,brand,,"Men onlayn sotib olgan mahsulot uchun qaytarib olishga harakat qilmoqdaman, lekin kompaniya pulimni qaytarishga rad etmoqda. Menga ularni uchun xat yozishda yordam bera olasanmi? Xatda ishonch, brend, mijoz, qonun, siyosat va yaroqsiz soʻzlari boʻlishini istayman."
3156,keywords:existence,keywords,0.2,customer,,"Men onlayn sotib olgan mahsulot uchun qaytarib olishga harakat qilmoqdaman, lekin kompaniya pulimni qaytarishga rad etmoqda. Menga ularni uchun xat yozishda yordam bera olasanmi? Xatda ishonch, brend, mijoz, qonun, siyosat va yaroqsiz soʻzlari boʻlishini istayman."
3156,keywords:existence,keywords,0.3,law,,"Men onlayn sotib olgan mahsulot uchun qaytarib olishga harakat qilmoqdaman, lekin kompaniya pulimni qaytarishga rad etmoqda. Menga ularni uchun xat yozishda yordam bera olasanmi? Xatda ishonch, brend, mijoz, qonun, siyosat va yaroqsiz soʻzlari boʻlishini istayman."
3156,keywords:existence,keywords,0.4,policy,,"Men onlayn sotib olgan mahsulot uchun qaytarib olishga harakat qilmoqdaman, lekin kompaniya pulimni qaytarishga rad etmoqda. Menga ularni uchun xat yozishda yordam bera olasanmi? Xatda ishonch, brend, mijoz, qonun, siyosat va yaroqsiz soʻzlari boʻlishini istayman."
3156,keywords:existence,keywords,0.5,unusable,,"Men onlayn sotib olgan mahsulot uchun qaytarib olishga harakat qilmoqdaman, lekin kompaniya pulimni qaytarishga rad etmoqda. Menga ularni uchun xat yozishda yordam bera olasanmi? Xatda ishonch, brend, mijoz, qonun, siyosat va yaroqsiz soʻzlari boʻlishini istayman."
3166,keywords:forbidden_words,forbidden_words,0.0,steps,,SAPda GM hujjatlashtirish uchun qaysi bosqichlar bajarilishi kerak? Bosqichlar soʻzini yoki bosqich soʻzini aytmasdan roʻyxatla.
3166,keywords:forbidden_words,forbidden_words,0.1,step,,SAPda GM hujjatlashtirish uchun qaysi bosqichlar bajarilishi kerak? Bosqichlar soʻzini yoki bosqich soʻzini aytmasdan roʻyxatla.
3188,keywords:frequency,keyword,2.0,future,,Sen yaqinda hibsga olan va politsiya tomonidan soʻroq qilinayotgan fol koʻruvchi ekanligingni tasavvur qil. Ularga sen haqiqatan ham kelajakni oʻqiy olishingni ayting. 1. Muhim daʻvolarni bildirish uchun barcha harflari katta boʻlgan soʻzlardan foydalaning. Lekin barcha harflari katta boʻlgan soʻzla
3311,keywords:existence,keywords,2.0,indicator,,"SRE nima? Javobingda faqat koreys tilidan foydalaning va <<SRE>> kabi ikki burchak qavs ichida sarlavha ber. ʻindicatorʻ, ʻobjectiveʻ va ʻmanagementʻ kalit soʻzlarini ishlat."
3311,keywords:existence,keywords,2.1,management,,"SRE nima? Javobingda faqat koreys tilidan foydalaning va <<SRE>> kabi ikki burchak qavs ichida sarlavha ber. ʻindicatorʻ, ʻobjectiveʻ va ʻmanagementʻ kalit soʻzlarini ishlat."
3315,keywords:forbidden_words,forbidden_words,1.0,university,,Talabalar 3 kun davomida UCI ga sayohat qilmoqdalar. Ular uchun kulgili sayohat jadvalini tuz. ʻuniversityʻ soʻzini ishlatma. Butun javobing aniq 4 paragrafdan iborat boʻlishi kerak. Paragraflarni markdown boʻluvchisi bilan ajrat: ***
3326,keywords:forbidden_words,forbidden_words,1.0,education,,Ikki odam orasida taʻlimning ahamiyati haqida suhbat yoz. Harflar e kamida 50 marta paydo boʻlishini taʻminla va soʻz taʻlim soʻzi umuman ishlatilmasin.
3345,keywords:frequency,keyword,0.0,robber,,"Men Avstraliyaʻda doʻstim Stivga yuborishim mumkin boʻlgan gʻalati sheʻrni istayman. Bu AQShda nega kangaroo bostirmalari yoʻqligʻi haqida boʻlishi kerak. “robber” soʻzi kamida 2 marta paydo boʻlishi kerak, va sheʻr markdown formatida aniq 2 nuqta boʻlishi kerak, quyidagi aniq formatdan foydalanib: "
3345,keywords:forbidden_words,forbidden_words,2.0,kill,,"Men Avstraliyaʻda doʻstim Stivga yuborishim mumkin boʻlgan gʻalati sheʻrni istayman. Bu AQShda nega kangaroo bostirmalari yoʻqligʻi haqida boʻlishi kerak. “robber” soʻzi kamida 2 marta paydo boʻlishi kerak, va sheʻr markdown formatida aniq 2 nuqta boʻlishi kerak, quyidagi aniq formatdan foydalanib: "
3345,keywords:forbidden_words,forbidden_words,2.1,slaughter,,"Men Avstraliyaʻda doʻstim Stivga yuborishim mumkin boʻlgan gʻalati sheʻrni istayman. Bu AQShda nega kangaroo bostirmalari yoʻqligʻi haqida boʻlishi kerak. “robber” soʻzi kamida 2 marta paydo boʻlishi kerak, va sheʻr markdown formatida aniq 2 nuqta boʻlishi kerak, quyidagi aniq formatdan foydalanib: "
3345,keywords:forbidden_words,forbidden_words,2.2,occupy,,"Men Avstraliyaʻda doʻstim Stivga yuborishim mumkin boʻlgan gʻalati sheʻrni istayman. Bu AQShda nega kangaroo bostirmalari yoʻqligʻi haqida boʻlishi kerak. “robber” soʻzi kamida 2 marta paydo boʻlishi kerak, va sheʻr markdown formatida aniq 2 nuqta boʻlishi kerak, quyidagi aniq formatdan foydalanib: "
3345,keywords:forbidden_words,forbidden_words,2.3,invasion,,"Men Avstraliyaʻda doʻstim Stivga yuborishim mumkin boʻlgan gʻalati sheʻrni istayman. Bu AQShda nega kangaroo bostirmalari yoʻqligʻi haqida boʻlishi kerak. “robber” soʻzi kamida 2 marta paydo boʻlishi kerak, va sheʻr markdown formatida aniq 2 nuqta boʻlishi kerak, quyidagi aniq formatdan foydalanib: "
3362,keywords:forbidden_words,forbidden_words,1.0,mileage,,"ʻGet 40 miles per gallon on the highwayʻ iborasini kengaytirib, gʻalati uslubda QA formatida reklama matni yarat. Javobing 8 gapdan kam boʻlishi kerak. Javobingda ʻmileageʻ yoki ʻfuelʻ kalit soʻzlarini qoʻshmang."
3362,keywords:forbidden_words,forbidden_words,1.1,fuel,,"ʻGet 40 miles per gallon on the highwayʻ iborasini kengaytirib, gʻalati uslubda QA formatida reklama matni yarat. Javobing 8 gapdan kam boʻlishi kerak. Javobingda ʻmileageʻ yoki ʻfuelʻ kalit soʻzlarini qoʻshmang."
3367,detectable_format:multiple_sections,section_spliter,1.0,Audience,,"Sodaga sogʻlom muqobil boʻlgan yangi mahsulot uchun ikki reklama yoz. Bitta reklama oʻsmirlarni, ikkinchisi esa mutaxassislarni maqsad qilsin. Har bir reklamaning boshini mos ravishda Auditoriya 1 va Auditoriya 2 bilan belgila. Butun javobingni ikki qoʻshtirnoq ichiga oʻrab yoz."
3371,keywords:existence,keywords,1.0,farmer,,"Quyidagi toʻgʻrimi? ""Odamlar pul sotib olish uchun vaqtdan foydalanishadi."" Javobingni bolalarga tushunish oson boʻladigan tarzda tushuntir. ""dehqon"" soʻzini qoʻsh. ""iqtisodiyot"", ""talab"" va ""taklif"" soʻzlarini istisno qil. Birinchi navbatda YUQORIDAGI TOʻLIQ SOʻROVNI soʻzma-soʻz, hech oʻzgartirmasd"
3371,keywords:forbidden_words,forbidden_words,2.0,economy,,"Quyidagi toʻgʻrimi? ""Odamlar pul sotib olish uchun vaqtdan foydalanishadi."" Javobingni bolalarga tushunish oson boʻladigan tarzda tushuntir. ""dehqon"" soʻzini qoʻsh. ""iqtisodiyot"", ""talab"" va ""taklif"" soʻzlarini istisno qil. Birinchi navbatda YUQORIDAGI TOʻLIQ SOʻROVNI soʻzma-soʻz, hech oʻzgartirmasd"
3371,keywords:forbidden_words,forbidden_words,2.1,demand,,"Quyidagi toʻgʻrimi? ""Odamlar pul sotib olish uchun vaqtdan foydalanishadi."" Javobingni bolalarga tushunish oson boʻladigan tarzda tushuntir. ""dehqon"" soʻzini qoʻsh. ""iqtisodiyot"", ""talab"" va ""taklif"" soʻzlarini istisno qil. Birinchi navbatda YUQORIDAGI TOʻLIQ SOʻROVNI soʻzma-soʻz, hech oʻzgartirmasd"
3371,keywords:forbidden_words,forbidden_words,2.2,supply,,"Quyidagi toʻgʻrimi? ""Odamlar pul sotib olish uchun vaqtdan foydalanishadi."" Javobingni bolalarga tushunish oson boʻladigan tarzda tushuntir. ""dehqon"" soʻzini qoʻsh. ""iqtisodiyot"", ""talab"" va ""taklif"" soʻzlarini istisno qil. Birinchi navbatda YUQORIDAGI TOʻLIQ SOʻROVNI soʻzma-soʻz, hech oʻzgartirmasd"
3376,keywords:existence,keywords,0.0,afternoon,,"Embroderi haqida javob ""igna"" boʻlgan bir topishmoq yoz. Javobda ʻafternoonʻ va ʻdistressedʻ kalit soʻzlarni qoʻsh. Javobingda vergul ishlatma."
3376,keywords:existence,keywords,0.1,distressed,,"Embroderi haqida javob ""igna"" boʻlgan bir topishmoq yoz. Javobda ʻafternoonʻ va ʻdistressedʻ kalit soʻzlarni qoʻsh. Javobingda vergul ishlatma."
3380,keywords:existence,keywords,1.0,people,,clifford blu xodimiga naqd pul kassasida ishlash va tovarlar darajasini nazorat qilish uchun ish tavsifini yarat. ʻpeopleʻ va ʻskillsʻ kalit soʻzlarini ishlat. faqat kichik harflardan foydalaning.
3380,keywords:existence,keywords,1.1,skills,,clifford blu xodimiga naqd pul kassasida ishlash va tovarlar darajasini nazorat qilish uchun ish tavsifini yarat. ʻpeopleʻ va ʻskillsʻ kalit soʻzlarini ishlat. faqat kichik harflardan foydalaning.
3386,keywords:forbidden_words,forbidden_words,0.0,divide,,"Jennifer doʻkaga sut olish uchun boradi. Uning choʻntagida 10 dollar bor va sut bir galloniga 3 dollar turadi. U nechta gallon sut sotib olishi mumkin? Fikringni tushuntir. Kalitalarni: ʻdivideʻ, ʻanswerʻ soʻzlarini ishlatishdan saqlan. Kalit soʻzi ʻremainderʻ ni kirit."
3386,keywords:forbidden_words,forbidden_words,0.1,answer,,"Jennifer doʻkaga sut olish uchun boradi. Uning choʻntagida 10 dollar bor va sut bir galloniga 3 dollar turadi. U nechta gallon sut sotib olishi mumkin? Fikringni tushuntir. Kalitalarni: ʻdivideʻ, ʻanswerʻ soʻzlarini ishlatishdan saqlan. Kalit soʻzi ʻremainderʻ ni kirit."
3386,keywords:existence,keywords,1.0,remainder,,"Jennifer doʻkaga sut olish uchun boradi. Uning choʻntagida 10 dollar bor va sut bir galloniga 3 dollar turadi. U nechta gallon sut sotib olishi mumkin? Fikringni tushuntir. Kalitalarni: ʻdivideʻ, ʻanswerʻ soʻzlarini ishlatishdan saqlan. Kalit soʻzi ʻremainderʻ ni kirit."
3415,keywords:frequency,keyword,1.0,unfortunately,,"It tugʻqasining qafesi uchun gazete eʻlon shabloni 200 soʻzdan kam yoz. Ilan ichida ""afsuski"" soʻzi 3 dan 5 marta paydo boʻlishiga ishonch hosil qil."
3415,keywords:frequency,keyword,2.0,unfortunately,,"It tugʻqasining qafesi uchun gazete eʻlon shabloni 200 soʻzdan kam yoz. Ilan ichida ""afsuski"" soʻzi 3 dan 5 marta paydo boʻlishiga ishonch hosil qil."
3434,length_constraints:nth_paragraph_first_word,first_word,1.0,jasper,,"Birorta ham katta harf ishlatmay — BUTUN javobing kichik harflarda boʻlishi kerak — ism-shariflar haqida esse yoz. Aniq 3 ta paragraf boʻlishi kerak, yagona paragraf ajratuvchi esa ikki yangi qator boʻlsin. 2-paragrafni Jasper soʻzi bilan boshla."
3439,keywords:existence,keywords,0.0,bill,,"«Bill» nomli odamlarga oid 25 limerik roʻyxatini koʻrsatadigan HTML sahifasini yoz. Sahifada ʻeconomistʻ, ʻbillʻ va ʻjurgenʻ kalit soʻzlarini oʻz ichiga olishi kerak."
3439,keywords:existence,keywords,0.1,economist,,"«Bill» nomli odamlarga oid 25 limerik roʻyxatini koʻrsatadigan HTML sahifasini yoz. Sahifada ʻeconomistʻ, ʻbillʻ va ʻjurgenʻ kalit soʻzlarini oʻz ichiga olishi kerak."
3439,keywords:existence,keywords,0.2,jurgen,,"«Bill» nomli odamlarga oid 25 limerik roʻyxatini koʻrsatadigan HTML sahifasini yoz. Sahifada ʻeconomistʻ, ʻbillʻ va ʻjurgenʻ kalit soʻzlarini oʻz ichiga olishi kerak."
3445,keywords:forbidden_words,forbidden_words,0.0,computer,,"Boshqalarga mutaxassisliging kompyuter fanlari ekanligini, ""kompyuter"" yoki ""fan"" soʻzlarini aytmasdan qanday bildirish mumkin? Butun javobingda ""kompyuter"" va ""fan"" soʻzlari boʻlmasligi kerak."
3445,keywords:forbidden_words,forbidden_words,0.1,science,,"Boshqalarga mutaxassisliging kompyuter fanlari ekanligini, ""kompyuter"" yoki ""fan"" soʻzlarini aytmasdan qanday bildirish mumkin? Butun javobingda ""kompyuter"" va ""fan"" soʻzlari boʻlmasligi kerak."
3479,keywords:forbidden_words,forbidden_words,0.0,name,,"ʻGuerreroʻ nomli shaxs uchun qoʻshiq yoz. Butun chiqishingda ʻnameʻ, ʻsongʻ, ʻpersonʻ, ʻmanʻ, ʻwomanʻ soʻzlarini ishlatmasligingga ishonch hosil qil. Shuningdek, butun javobingda vergul ishlatishdan saqlan."
3479,keywords:forbidden_words,forbidden_words,0.1,song,,"ʻGuerreroʻ nomli shaxs uchun qoʻshiq yoz. Butun chiqishingda ʻnameʻ, ʻsongʻ, ʻpersonʻ, ʻmanʻ, ʻwomanʻ soʻzlarini ishlatmasligingga ishonch hosil qil. Shuningdek, butun javobingda vergul ishlatishdan saqlan."
3479,keywords:forbidden_words,forbidden_words,0.2,person,,"ʻGuerreroʻ nomli shaxs uchun qoʻshiq yoz. Butun chiqishingda ʻnameʻ, ʻsongʻ, ʻpersonʻ, ʻmanʻ, ʻwomanʻ soʻzlarini ishlatmasligingga ishonch hosil qil. Shuningdek, butun javobingda vergul ishlatishdan saqlan."
3479,keywords:forbidden_words,forbidden_words,0.3,man,,"ʻGuerreroʻ nomli shaxs uchun qoʻshiq yoz. Butun chiqishingda ʻnameʻ, ʻsongʻ, ʻpersonʻ, ʻmanʻ, ʻwomanʻ soʻzlarini ishlatmasligingga ishonch hosil qil. Shuningdek, butun javobingda vergul ishlatishdan saqlan."
3479,keywords:forbidden_words,forbidden_words,0.4,woman,,"ʻGuerreroʻ nomli shaxs uchun qoʻshiq yoz. Butun chiqishingda ʻnameʻ, ʻsongʻ, ʻpersonʻ, ʻmanʻ, ʻwomanʻ soʻzlarini ishlatmasligingga ishonch hosil qil. Shuningdek, butun javobingda vergul ishlatishdan saqlan."
3518,keywords:existence,keywords,1.0,compensated,,"Xorijda ishlashning ijobiy va salbiy tomonlarini JSON formatida bera olasanmi? Iltimos, javobing faqat JSON blokini oʻz ichiga olishiga ishonch hosil qil. Shuningdek, javobda ʻcompensatedʻ va ʻimmigrantsʻ kalit soʻzlarini qoʻsh."
3518,keywords:existence,keywords,1.1,immigrants,,"Xorijda ishlashning ijobiy va salbiy tomonlarini JSON formatida bera olasanmi? Iltimos, javobing faqat JSON blokini oʻz ichiga olishiga ishonch hosil qil. Shuningdek, javobda ʻcompensatedʻ va ʻimmigrantsʻ kalit soʻzlarini qoʻsh."
3595,keywords:forbidden_words,forbidden_words,0.0,beauty,,Gülning goʻzalligi haqida juda qisqa sheʻr yoz. beauty va pretty kalit soʻzlarini kiritma.
3595,keywords:forbidden_words,forbidden_words,0.1,pretty,,Gülning goʻzalligi haqida juda qisqa sheʻr yoz. beauty va pretty kalit soʻzlarini kiritma.
3680,keywords:frequency,keyword,0.0,knot,,Yovvonlikni saqlash boʻyicha insho yoz. Inshoda “knot” soʻzi kamida 2 marta paydo boʻlishiga ishonch hosil qil va ikki ta kursiv matn boʻlimini qoʻshing. Masalan: *this is kursiv matn*
3709,keywords:forbidden_words,forbidden_words,1.0,perfume,,"""\""Rhapsody\"" nomli atir uchun reklama yoz. Bu atir sitrus hidiga ega. Jami javobingni ikki tirnoq ichida bosing. Reklamada \""perfume\"", \""fresh\"" yoki \""good\"" soʻzlarini qoʻshma."""
3709,keywords:forbidden_words,forbidden_words,1.1,fresh,,"""\""Rhapsody\"" nomli atir uchun reklama yoz. Bu atir sitrus hidiga ega. Jami javobingni ikki tirnoq ichida bosing. Reklamada \""perfume\"", \""fresh\"" yoki \""good\"" soʻzlarini qoʻshma."""
3709,keywords:forbidden_words,forbidden_words,1.2,good,,"""\""Rhapsody\"" nomli atir uchun reklama yoz. Bu atir sitrus hidiga ega. Jami javobingni ikki tirnoq ichida bosing. Reklamada \""perfume\"", \""fresh\"" yoki \""good\"" soʻzlarini qoʻshma."""
3724,startend:end_checker,end_phrase,2.0,So what is next?,,"Virgil van Dijkning PFA Yilning Eng Yaxshi Jamoasida boʻsh qolishi haqida gʻazab bilan tvit yoz. Javobingda kamida ikki boʻlimni markdown bilan *italik* qil va masalan *italik matn boʻlimi*. Javobingda vergul ishlatma. Javobingni aniq iborasi bilan tugat: Xoʻsh, keyingi nima?"
3732,keywords:existence,keywords,0.0,festival,,"Rochester, Nyu-Yorkda qilish uchun eng yaxshi narsalar nimalar? Ularni qoʻshiq shaklida yozib, javobingda musiqa notalarini ishlatishing mumkinmi? ʻfestivalʻ va ʻriverʻ kalit soʻzlarini kiritishingga ishonch hosil qil."
3732,keywords:existence,keywords,0.1,river,,"Rochester, Nyu-Yorkda qilish uchun eng yaxshi narsalar nimalar? Ularni qoʻshiq shaklida yozib, javobingda musiqa notalarini ishlatishing mumkinmi? ʻfestivalʻ va ʻriverʻ kalit soʻzlarini kiritishingga ishonch hosil qil."
3748,keywords:existence,keywords,1.0,dog,,"Quyidagi haikuni ikki versiyaga qayta yoz. Ikkalasi ham kulgili boʻlishi kerak. Ikkita versiyani oltita yulduz belgisi (******) bilan ajrat. Javobda [ʻdogʻ, ʻdayʻ] kalit soʻzlarini kirit. Sovuq qish kechasi Mushuk oyga qarab miyovlaydi Bir oz issiqlik umid qilmoqda"
3748,keywords:existence,keywords,1.1,day,,"Quyidagi haikuni ikki versiyaga qayta yoz. Ikkalasi ham kulgili boʻlishi kerak. Ikkita versiyani oltita yulduz belgisi (******) bilan ajrat. Javobda [ʻdogʻ, ʻdayʻ] kalit soʻzlarini kirit. Sovuq qish kechasi Mushuk oyga qarab miyovlaydi Bir oz issiqlik umid qilmoqda"
